# This is mapping list between real user name/email and entry into sources files
# If you don't want to have your real email appears here, just send a Pull Request to
# replace the second field between <> with <secret>
Laurent Destailleur <eldy@destailleur.fr> Laurent Destailleur <eldy@users.sourceforge.net>
Laurent Destailleur <eldy@destailleur.fr> eldy <eldy@destailleur.fr>
Laurent Destailleur <eldy@destailleur.fr> Laurent Destailleur <ldestailleur@teclib.com>
Laurent Destailleur <eldy@destailleur.fr> eldy10 <eldy10@master8.(none)>
Laurent Destailleur <eldy@destailleur.fr> Laurent Destailleur <ephpcsdy@destailleur.fr>
Regis Houssin <regis.houssin@inodbox.com> Regis Houssin <regis@dolibarr.fr>
Regis Houssin <regis.houssin@inodbox.com> Régis Houssin <regishoussin@device5.home>
Juanjo Menent <jmenent@2byte.es> simnandez <jmenent@2byte.es>
Juanjo Menent <jmenent@2byte.es> Juanjo Menent <simnandez@gmail.com>
Juanjo Menent <jmenent@2byte.es> Simnandez <jmenent@2byte.es>
Juanjo Menent <jmenent@2byte.es> juanjo <juanjo@samsung>
Juanjo Menent <jmenent@2byte.es> juanjo <juanjo@alienware>
Marcos García de La Fuente <marcosgdf@gmail.com> Marcos García <marcosgdf@gmail.com>
Marcos García de La Fuente <marcosgdf@gmail.com> Marcos García <marcosgdf@gmail.com>
Florian Henry <florian.henry@open-concept.pro> fhenry <florian.henry@open-concept.pro>
Florian Henry <florian.henry@open-concept.pro> Florian HENRY <florian.henry@open-concept.pro>
Florian Henry <florian.henry@open-concept.pro> FHenry <florian.henry.mail@gmail.com>
Florian Henry <florian.henry@open-concept.pro> Florian HENRY <florian.henry@open-conept.pro>
Florian Henry <florian.henry@open-concept.pro> FHenry <florian.henry@open-concept.pro>
Florian Henry <florian.henry@open-concept.pro> HENRY Florian <florian.henry@open-concept.pro>
Alexandre Spangaro <aspangaro.dolibarr@gmail.com> aspangaro <aspangaro.dolibarr@gmail.com>
Alexandre Spangaro <aspangaro.dolibarr@gmail.com> Spangaro Alexandre <aspangaro.dolibarr@gmail.com>
Alexandre Spangaro <aspangaro.dolibarr@gmail.com> Alexandre SPANGARO <aspangaro.dolibarr@gmail.com>
Raphaël Doursenaud <rdoursenaud@gpcsolutions.fr> Raphaël Doursenaud <rdoursenaud@free.fr>
Philippe Grand <philippe.grand@atoo-net.com> Grand Philippe <contact@atoo-net.com>
Philippe Grand <philippe.grand@atoo-net.com> Philippe GRAND <philippe.grand@atoo-net.com>
Philippe Grand <philippe.grand@atoo-net.com> philippe grand <philippe.grand@atoo-net.com>
Philippe Grand <philippe.grand@atoo-net.com> philippe <philippe.grand@atoo-net.com>
Philippe Grand <philippe.grand@atoo-net.com> unknown <Philippe@grandoc.(none)>
Philippe Grand <philippe.grand@atoo-net.com> philippe <philippe@PC-de-philippe>
Philippe Grand <philippe.grand@atoo-net.com> Philippe Grand <contact@atoo-net.com>
Jean-François Ferry <jfefe@aternatik.fr> jfefe <jfefe@aternatik.fr>
Jean-François Ferry <jfefe@aternatik.fr> jfefe <jf.ferry@aternatik.fr>
Jean-François Ferry <jfefe@aternatik.fr> JF FERRY <jfefe@aternatik.fr>
Jean-François Ferry <jfefe@aternatik.fr> JF FERRY <meos@devmachine.(none)>
Charles Benke <charles.fr@benke.fr> BENKE Charles <charles.fr@benke.fr>
Charles Benke <charles.fr@benke.fr> BENKE Charlie <charles.fr@benke.fr>
Charles Benke <charles.fr@benke.fr> defrance69 <charles.fr@benke.fr>
Maxime Kohlhaas <mko@atm-consulting.fr> MAxime Kohlhaas <maxime@atm-consulting.fr>
Frédéric France <frederic.france@free.fr> Frédéric FRANCE <frederic.france@free.fr>
Frédéric France <frederic.france@free.fr> frederic34 <frederic.france@free.fr>
Frédéric France <frederic.france@free.fr> FRANCE Frédéric <frederic.france@free.fr>
Frédéric France <frederic.france@free.fr> frederic34 <fred@ubuntuserver.(none)>
Cyrille de Lambert <cyrille.delambert@auguria.net> cdelambert <cdelambert>
Cédric Gross <c.gross@kreiz-it.fr> KreizIT <KreizIT@users.noreply.github.com>
Cédric Gross <c.gross@kreiz-it.fr> Cedric <c.gross@kreiz-it.fr>
Cédric Gross <c.gross@kreiz-it.fr> Cedric GROSS <c.gross@kreiz-it.fr>
Jean Heimburger <jean@tiaris.info> jean <jean@tiaris.info>
Jean Heimburger <jean@tiaris.info> tiaris <tiaris>
Benoit Mortier <benoit.mortier@opensides.be> opensides <opensides>
Eric Seigne <contact@ryxeo.com> erics <erics>
Jean-Louis Bergamo <jl@bergamo.fr> jlb <jlb>
Remco Gerbrands <remco@artoge.nl> r2gnl <r2gnl>
Phf <phf@atm-consulting.fr> phf <phf@atm-consulting.fr>
Yannick Warnier <ywarnier@beeznest.org> ywarnier <ywarnier>
Jerome Warnier <jwarnier@beeznest.org> jwarnier <jwarnier>
Franky Van Liedekerke <liedekef@telenet.be> liedekef <liedekef>
Lalaina Rasamoelina <lalaina.rasamoelina@biblibre.com> lalaina rasamoelina <lalaina.rasamoelina@biblibre.com>
Marc Ocebo <marc_ocebo> marc_ocebo <marc_ocebo>
Unknown <secret> box7890 <box7890>
Unknown <secret> beedauchon <beedauchon>
Loic <secret> loic <loic>
Christophe Combelle <ccomb>
Unknown <secret> activdev <activdev>
Unknown <secret> bouba <bouba>
Unknown <secret> bcroq <bcroq>
Unknown <secret> dutoit <dutoit>
Unknown <secret> bureau2crea <bureau2crea>
Unknown <secret> unknown <mne02@.modula71.local>
Simon Tosser <secret> simontosser <simontosser>
Unknown <secret> tipaul <tipaul>
Raphaël Bertrand <secret> raphael_bertrand <raphael_bertrand>
Claudio Aschieri <c.aschieri@19.coop> cla <c.aschieri@19.coop>
Tommaso Basilici <t.basilici@19.coop> kaos <t.basilici@19.coop>
Tommaso Basilici <t.basilici@19.coop> Tommaso Basilici <t.basilici@19.coop>
Faust <faust@19.coop> faust <faust@19.coop>
Ferran Marcet <secret> fmarcet <fmarcet@imedia>
Geoffrey Girard <geoffre.girard@atm-consulting.fr> geoffrey.girard <geoffre.girard@atm-consulting.fr>
Bernard Paquier <eshop.bpaquier@gmail.com> BadPixxel <eshop.bpaquier@gmail.com>
Patrick Delcroix <delcroip@gmail.com> delcroix Patrick <delcroip@gmail.com>
Damien Clochard <damien@dalibo.com> damien clochard <damien@dalibo.info>
Damien Clochard <damien@dalibo.com> damien clochard <damien@dalibo.com>
Grégory David <groolot@groolot.net> Grégory DAVID <groolot@groolot.net>
Grégory David <groolot@groolot.net> Gregory DAVID <groolot@groolot.net>
Baffir Abbes <bafbes@users.noreply.github.com> bafbes <bafbes@users.noreply.github.com>
Kevin Guerrier <guerrier.k@gmail.com> GUERRIER Kevin <guerrier.k@gmail.com>
Remy Younes <ryounes@gmail.com> remy <ryounes@gmail.com>
Estephe Loridan <github@estephe.me> Estephe L. <github@estephe.me>
